,8,16,32,64,128,256,512,1024,2048,11,22,45,90,181,362,724,1448
0,5.0,114.0,135.0,235.0,1501.0,24849.0,26416.0,457872.0,772762.0,18.0,113.0,223.0,1346.0,11296.0,58732.0,67989.0,758259.0
1,4.0,21.0,96.0,1955.0,13805.0,12614.0,43363.0,466197.0,942369.0,20.0,63.0,1119.0,1599.0,6388.0,93551.0,110865.0,197105.0
2,19.0,37.0,90.0,1465.0,2868.0,8873.0,14801.0,899866.0,2357540.0,32.0,133.0,336.0,659.0,19531.0,44737.0,235453.0,743725.0
3,18.0,24.0,759.0,1083.0,4753.0,7991.0,75896.0,188337.0,583703.0,14.0,27.0,981.0,4504.0,3078.0,10298.0,129496.0,1339473.0
4,9.0,38.0,71.0,1334.0,1665.0,67212.0,32415.0,495395.0,1297413.0,10.0,147.0,438.0,3137.0,9860.0,16551.0,97902.0,419153.0
5,10.0,16.0,282.0,473.0,4421.0,37175.0,19918.0,259339.0,1129671.0,24.0,179.0,291.0,3023.0,8752.0,20480.0,56533.0,1689911.0
6,7.0,12.0,252.0,572.0,2441.0,14766.0,31691.0,111911.0,1090759.0,44.0,63.0,597.0,3526.0,7786.0,70230.0,172387.0,346854.0
7,6.0,64.0,292.0,641.0,7375.0,6167.0,122360.0,700194.0,1504502.0,20.0,118.0,248.0,2303.0,3501.0,35402.0,126317.0,482319.0
8,5.0,140.0,184.0,1011.0,2434.0,5982.0,76906.0,217303.0,737691.0,20.0,91.0,486.0,825.0,2839.0,52848.0,161022.0,259574.0
9,22.0,134.0,77.0,684.0,2504.0,19981.0,43768.0,231661.0,1050177.0,27.0,205.0,776.0,1353.0,6418.0,35941.0,101779.0,416580.0
10,20.0,48.0,71.0,296.0,1597.0,18424.0,115924.0,215394.0,286540.0,21.0,126.0,198.0,4336.0,5207.0,17246.0,233428.0,324568.0
11,6.0,27.0,512.0,2211.0,2425.0,3721.0,58868.0,124885.0,866921.0,18.0,105.0,382.0,2604.0,15435.0,32920.0,120730.0,755075.0
12,14.0,170.0,700.0,1204.0,1339.0,35274.0,12811.0,435799.0,1697494.0,40.0,83.0,205.0,6830.0,19658.0,23591.0,75315.0,771741.0
13,9.0,63.0,151.0,534.0,2301.0,6040.0,318646.0,243103.0,1813114.0,20.0,72.0,889.0,3056.0,9598.0,29225.0,73159.0,358213.0
14,29.0,31.0,619.0,754.0,2689.0,10059.0,166865.0,156983.0,3934049.0,14.0,101.0,944.0,550.0,3333.0,15458.0,66674.0,835816.0
15,11.0,23.0,197.0,1914.0,1242.0,28657.0,114147.0,445071.0,897160.0,47.0,66.0,343.0,234.0,6823.0,19614.0,181757.0,162454.0
16,11.0,46.0,224.0,459.0,6021.0,7771.0,162199.0,218971.0,243848.0,21.0,106.0,426.0,1818.0,7347.0,50361.0,28067.0,647427.0
17,14.0,74.0,165.0,993.0,16105.0,12297.0,44907.0,187657.0,244615.0,33.0,345.0,409.0,800.0,7277.0,34270.0,390341.0,454931.0
18,20.0,46.0,233.0,999.0,4037.0,18883.0,79691.0,67110.0,1615112.0,17.0,137.0,288.0,1797.0,9825.0,26560.0,45789.0,460885.0
19,11.0,82.0,321.0,1466.0,1315.0,35863.0,23562.0,465538.0,726267.0,13.0,38.0,628.0,2854.0,5712.0,61396.0,224908.0,684731.0
20,12.0,12.0,388.0,1946.0,2304.0,16340.0,85089.0,273402.0,952244.0,28.0,37.0,355.0,5384.0,18307.0,20417.0,189048.0,423567.0
21,6.0,111.0,192.0,419.0,2157.0,12462.0,51115.0,131376.0,2911287.0,87.0,114.0,383.0,3437.0,6243.0,35438.0,200768.0,373854.0
22,5.0,70.0,79.0,1139.0,6881.0,6948.0,78991.0,465647.0,2616073.0,25.0,51.0,234.0,2269.0,5460.0,18837.0,257046.0,341693.0
23,4.0,30.0,56.0,1029.0,4706.0,27473.0,18618.0,269884.0,1245409.0,16.0,83.0,282.0,901.0,7550.0,12502.0,125251.0,342598.0
24,9.0,30.0,392.0,520.0,2693.0,28295.0,71583.0,115292.0,423166.0,12.0,193.0,199.0,2456.0,5417.0,13300.0,65818.0,908279.0
25,11.0,130.0,62.0,1962.0,5428.0,13807.0,21577.0,457621.0,1217352.0,9.0,26.0,1289.0,624.0,3861.0,22318.0,125309.0,479188.0
26,10.0,111.0,259.0,1696.0,2936.0,15096.0,30453.0,475738.0,1173756.0,28.0,325.0,714.0,3361.0,20521.0,34550.0,335688.0,763128.0
27,22.0,70.0,245.0,1911.0,1559.0,31872.0,9786.0,402980.0,2292286.0,16.0,88.0,532.0,1565.0,7732.0,10324.0,167041.0,273532.0
28,18.0,49.0,105.0,340.0,10309.0,7646.0,34064.0,148199.0,665325.0,26.0,84.0,936.0,782.0,11939.0,48802.0,173680.0,395507.0
29,15.0,93.0,345.0,625.0,4763.0,6749.0,123542.0,160921.0,655896.0,85.0,163.0,185.0,677.0,9338.0,32637.0,367396.0,293607.0
30,6.0,52.0,879.0,1109.0,3727.0,13705.0,105570.0,526757.0,783362.0,15.0,75.0,450.0,2975.0,7553.0,8695.0,204330.0,356081.0
31,28.0,118.0,140.0,548.0,1303.0,38120.0,163685.0,119430.0,3455268.0,32.0,288.0,439.0,1833.0,10511.0,11403.0,56257.0,487598.0
32,9.0,51.0,195.0,396.0,3137.0,38676.0,23159.0,297658.0,928309.0,10.0,17.0,605.0,1016.0,10966.0,10910.0,59063.0,205943.0
33,33.0,62.0,144.0,645.0,4253.0,28681.0,57052.0,170636.0,867344.0,92.0,163.0,483.0,1089.0,19365.0,23398.0,65377.0,879419.0
34,6.0,57.0,202.0,1391.0,4923.0,28070.0,61189.0,97973.0,2095983.0,22.0,171.0,243.0,1884.0,13440.0,125772.0,181641.0,619056.0
35,16.0,55.0,195.0,1709.0,3188.0,10020.0,189445.0,176115.0,4328265.0,22.0,182.0,325.0,2331.0,13443.0,35091.0,324725.0,230151.0
36,4.0,24.0,333.0,1078.0,1947.0,7160.0,202640.0,334986.0,757817.0,28.0,42.0,1338.0,2044.0,6878.0,34725.0,138698.0,347210.0
37,15.0,41.0,484.0,1556.0,3078.0,11930.0,113006.0,236801.0,3160109.0,23.0,122.0,891.0,2366.0,15383.0,52746.0,131559.0,841569.0
38,12.0,62.0,43.0,2437.0,1490.0,70263.0,106700.0,160707.0,372941.0,28.0,265.0,773.0,6408.0,21185.0,19819.0,139944.0,170764.0
39,6.0,230.0,300.0,1131.0,6884.0,53477.0,45431.0,204130.0,845962.0,13.0,125.0,396.0,1077.0,2942.0,22998.0,272263.0,237526.0
40,13.0,48.0,258.0,2952.0,2570.0,9605.0,29201.0,167512.0,522161.0,36.0,77.0,818.0,591.0,16474.0,58170.0,230573.0,428849.0
41,11.0,132.0,150.0,445.0,4045.0,5675.0,67083.0,196745.0,611705.0,14.0,328.0,230.0,2484.0,22688.0,107052.0,60867.0,1668166.0
42,6.0,25.0,488.0,344.0,987.0,6678.0,21554.0,167324.0,2235480.0,33.0,273.0,782.0,1203.0,11356.0,29920.0,111756.0,397069.0
43,5.0,137.0,194.0,418.0,12797.0,17104.0,19160.0,615405.0,1176968.0,12.0,281.0,251.0,1059.0,15467.0,52080.0,62560.0,158725.0
44,27.0,59.0,254.0,901.0,3343.0,23838.0,37744.0,399182.0,1050244.0,15.0,639.0,368.0,3824.0,6276.0,57529.0,129840.0,231527.0
45,9.0,46.0,181.0,958.0,10808.0,10820.0,60607.0,281523.0,771381.0,62.0,73.0,384.0,2535.0,20971.0,28385.0,239959.0,514469.0
46,31.0,25.0,156.0,618.0,5306.0,12129.0,95923.0,180348.0,658832.0,19.0,88.0,516.0,1026.0,11549.0,43649.0,351088.0,1932270.0
47,11.0,134.0,422.0,1303.0,2892.0,10515.0,32099.0,139970.0,975734.0,12.0,287.0,155.0,1438.0,5754.0,42943.0,47497.0,413067.0
48,5.0,68.0,370.0,731.0,4326.0,3998.0,26407.0,394576.0,548847.0,19.0,245.0,587.0,3308.0,6461.0,131031.0,126783.0,346682.0
49,13.0,152.0,202.0,696.0,5749.0,34661.0,114224.0,202121.0,733811.0,16.0,44.0,573.0,970.0,5931.0,23210.0,63977.0,225163.0
50,11.0,47.0,111.0,2499.0,4396.0,15519.0,47303.0,872584.0,2116838.0,51.0,46.0,510.0,673.0,1861.0,66969.0,254333.0,626730.0
51,6.0,29.0,76.0,1432.0,1191.0,12205.0,57983.0,170629.0,5116689.0,75.0,69.0,537.0,3229.0,8298.0,55477.0,156858.0,690399.0
52,31.0,95.0,405.0,1051.0,3837.0,8209.0,28577.0,219931.0,1837154.0,17.0,66.0,134.0,6837.0,8608.0,21200.0,51395.0,294479.0
53,9.0,47.0,387.0,1593.0,3861.0,24692.0,40691.0,71409.0,2170889.0,17.0,181.0,100.0,1720.0,16226.0,30768.0,29766.0,293821.0
54,7.0,11.0,125.0,1225.0,5569.0,11800.0,19751.0,602401.0,3228849.0,26.0,75.0,346.0,2339.0,5883.0,34535.0,196544.0,164149.0
55,11.0,31.0,395.0,1492.0,2385.0,19895.0,54146.0,166497.0,1885509.0,9.0,59.0,835.0,3259.0,13058.0,75516.0,87653.0,330329.0
56,9.0,25.0,850.0,2014.0,8631.0,19363.0,61462.0,368575.0,1088542.0,20.0,245.0,1696.0,3675.0,11757.0,28081.0,142589.0,1058191.0
57,9.0,71.0,881.0,753.0,7368.0,23120.0,84893.0,363252.0,1203283.0,15.0,40.0,126.0,1237.0,26651.0,29691.0,31876.0,629225.0
58,20.0,47.0,151.0,476.0,940.0,2404.0,101002.0,241369.0,1102039.0,12.0,87.0,272.0,2299.0,4591.0,16346.0,169396.0,1537846.0
59,29.0,38.0,123.0,249.0,7417.0,22417.0,68465.0,331885.0,713304.0,14.0,140.0,744.0,1672.0,15672.0,12172.0,95420.0,332569.0
60,9.0,55.0,394.0,5783.0,4990.0,31990.0,114629.0,897551.0,458881.0,35.0,105.0,535.0,1765.0,6314.0,51634.0,33013.0,556961.0
61,26.0,62.0,249.0,703.0,5359.0,15474.0,21202.0,230459.0,1146256.0,45.0,168.0,75.0,913.0,6583.0,27467.0,123377.0,473943.0
62,54.0,203.0,290.0,455.0,1578.0,33568.0,15767.0,227084.0,693178.0,13.0,73.0,291.0,1323.0,6345.0,16816.0,295574.0,445143.0
63,8.0,67.0,238.0,1924.0,2920.0,6329.0,59313.0,128059.0,689629.0,26.0,120.0,424.0,598.0,7803.0,6515.0,77704.0,399041.0
64,21.0,118.0,485.0,160.0,6381.0,11822.0,67994.0,1204932.0,541442.0,25.0,108.0,485.0,1096.0,8399.0,55341.0,42882.0,69008.0
65,6.0,35.0,674.0,1415.0,2971.0,34339.0,33226.0,557700.0,3964110.0,38.0,285.0,1611.0,4306.0,6804.0,14114.0,48482.0,1349787.0
66,16.0,16.0,428.0,1189.0,2374.0,25030.0,45845.0,162358.0,2592991.0,9.0,196.0,315.0,1829.0,2693.0,46132.0,41819.0,601139.0
67,14.0,45.0,579.0,276.0,1999.0,22410.0,102624.0,265333.0,629307.0,23.0,103.0,983.0,2440.0,8623.0,46812.0,249532.0,343720.0
68,18.0,41.0,793.0,539.0,2849.0,84173.0,56234.0,101872.0,348068.0,22.0,89.0,649.0,4463.0,6655.0,55056.0,98980.0,900525.0
69,22.0,26.0,103.0,2713.0,4831.0,19283.0,70913.0,671372.0,1349520.0,20.0,90.0,448.0,618.0,13408.0,29827.0,77510.0,536148.0
70,6.0,113.0,188.0,1552.0,2198.0,24822.0,87917.0,181442.0,1203317.0,14.0,299.0,517.0,1821.0,2866.0,12925.0,543116.0,460769.0
71,12.0,45.0,140.0,456.0,1244.0,21203.0,109592.0,387207.0,2929666.0,24.0,164.0,845.0,6058.0,11382.0,63122.0,51226.0,636977.0
72,9.0,46.0,799.0,877.0,8418.0,14036.0,43905.0,321507.0,1389911.0,22.0,71.0,172.0,2567.0,12464.0,20549.0,157571.0,339818.0
73,9.0,42.0,178.0,700.0,2059.0,8930.0,37785.0,426564.0,571663.0,58.0,87.0,515.0,2278.0,5802.0,70541.0,212143.0,531106.0
74,17.0,85.0,200.0,1418.0,1453.0,6320.0,59796.0,283613.0,1297880.0,54.0,70.0,535.0,2193.0,9511.0,53594.0,159582.0,463030.0
75,7.0,80.0,315.0,1092.0,3929.0,23019.0,85116.0,109073.0,453827.0,44.0,25.0,194.0,1506.0,7488.0,10477.0,92561.0,862200.0
76,16.0,33.0,823.0,749.0,1085.0,37330.0,20433.0,136243.0,1484554.0,17.0,208.0,74.0,879.0,13386.0,26946.0,306792.0,975879.0
77,8.0,48.0,180.0,2617.0,2902.0,46037.0,47602.0,212513.0,438558.0,40.0,251.0,332.0,1962.0,13169.0,16487.0,135786.0,287630.0
78,15.0,158.0,140.0,1946.0,4258.0,15851.0,152037.0,266111.0,705162.0,23.0,72.0,995.0,1914.0,6890.0,19975.0,221899.0,1882771.0
79,6.0,298.0,65.0,3317.0,9018.0,12695.0,55253.0,333492.0,731846.0,41.0,692.0,547.0,2480.0,4801.0,25671.0,110894.0,675223.0
80,11.0,34.0,785.0,402.0,2181.0,29007.0,44919.0,842973.0,1292008.0,24.0,58.0,411.0,599.0,5476.0,18591.0,111312.0,722621.0
81,12.0,34.0,449.0,730.0,5191.0,9128.0,67756.0,203673.0,725513.0,23.0,105.0,391.0,3822.0,5269.0,66497.0,67382.0,584752.0
82,34.0,22.0,126.0,601.0,2423.0,11079.0,69702.0,184336.0,947670.0,42.0,192.0,638.0,1129.0,4365.0,66682.0,170064.0,142555.0
83,7.0,168.0,86.0,404.0,2254.0,8946.0,43446.0,755711.0,3666297.0,26.0,29.0,890.0,2023.0,9354.0,38343.0,173543.0,316231.0
84,12.0,64.0,168.0,547.0,15361.0,9029.0,25540.0,188469.0,1256305.0,27.0,185.0,306.0,3701.0,2651.0,20574.0,82650.0,602575.0
85,4.0,52.0,192.0,697.0,1584.0,28384.0,136911.0,212012.0,693473.0,26.0,146.0,633.0,4418.0,29662.0,16175.0,68259.0,962797.0
86,10.0,75.0,123.0,1112.0,2176.0,16496.0,104413.0,144629.0,1999403.0,14.0,81.0,596.0,1851.0,15066.0,32584.0,256876.0,1139134.0
87,9.0,40.0,222.0,740.0,1848.0,11146.0,39445.0,211674.0,1476068.0,27.0,175.0,880.0,1385.0,7715.0,36767.0,33163.0,683239.0
88,10.0,39.0,356.0,749.0,3494.0,49367.0,76576.0,117501.0,372364.0,14.0,72.0,531.0,893.0,17610.0,42714.0,312086.0,422509.0
89,7.0,26.0,155.0,1380.0,4940.0,5045.0,93347.0,759857.0,507432.0,16.0,283.0,340.0,4822.0,2683.0,11885.0,167751.0,1564172.0
90,15.0,21.0,285.0,256.0,12101.0,24978.0,47863.0,605290.0,1891978.0,39.0,505.0,403.0,12260.0,4321.0,20224.0,203368.0,125614.0
91,37.0,48.0,245.0,393.0,6912.0,9263.0,111881.0,365346.0,1544474.0,43.0,67.0,535.0,1270.0,24366.0,28338.0,207336.0,1685129.0
92,13.0,23.0,260.0,374.0,6780.0,10408.0,62343.0,277184.0,846901.0,37.0,250.0,593.0,1217.0,18794.0,55531.0,183020.0,258400.0
93,19.0,42.0,340.0,1425.0,3766.0,8033.0,69994.0,344253.0,1071900.0,9.0,99.0,1164.0,3295.0,3835.0,80335.0,261821.0,451759.0
94,13.0,43.0,438.0,1824.0,2580.0,3110.0,43320.0,232810.0,1027990.0,29.0,27.0,646.0,379.0,7173.0,20058.0,139682.0,478651.0
95,11.0,21.0,529.0,2167.0,2601.0,9707.0,69628.0,168103.0,1618789.0,16.0,230.0,368.0,1611.0,8732.0,32814.0,168503.0,1287819.0
96,5.0,40.0,366.0,1798.0,6465.0,24212.0,130068.0,456343.0,1128342.0,16.0,75.0,590.0,3859.0,9265.0,69571.0,84650.0,1201475.0
97,9.0,99.0,232.0,1253.0,3726.0,22892.0,62667.0,58354.0,1751119.0,31.0,187.0,898.0,2408.0,3605.0,12536.0,151000.0,228521.0
98,8.0,59.0,570.0,729.0,11441.0,13397.0,24531.0,236432.0,1476124.0,8.0,140.0,255.0,1904.0,7662.0,31801.0,71729.0,319221.0
99,6.0,129.0,64.0,1689.0,6533.0,20383.0,133810.0,314752.0,253310.0,31.0,42.0,552.0,2271.0,12523.0,20768.0,98360.0,325414.0
100,14.0,25.0,231.0,369.0,5008.0,11651.0,80600.0,103869.0,2047428.0,45.0,52.0,324.0,6703.0,6035.0,41644.0,129161.0,407763.0
101,49.0,38.0,347.0,987.0,8694.0,9560.0,100881.0,537177.0,569405.0,35.0,52.0,950.0,1843.0,13077.0,36895.0,320493.0,309156.0
102,9.0,47.0,241.0,310.0,2550.0,16342.0,92942.0,292107.0,1222974.0,29.0,176.0,282.0,1741.0,5430.0,23960.0,92524.0,378353.0
103,4.0,53.0,78.0,890.0,3373.0,16629.0,50369.0,198989.0,677505.0,72.0,124.0,305.0,1397.0,19800.0,53913.0,292247.0,192140.0
104,13.0,42.0,106.0,180.0,2463.0,24474.0,37268.0,153244.0,1120803.0,20.0,42.0,763.0,2703.0,2768.0,15737.0,107447.0,1008820.0
105,10.0,103.0,75.0,2016.0,5810.0,16774.0,44570.0,278548.0,635509.0,10.0,100.0,1386.0,1425.0,4562.0,22169.0,176205.0,851597.0
106,18.0,62.0,223.0,868.0,5486.0,28397.0,58122.0,294116.0,745991.0,17.0,176.0,299.0,1885.0,5234.0,34860.0,176755.0,1233343.0
107,43.0,64.0,150.0,1090.0,2665.0,10226.0,122024.0,403146.0,648457.0,40.0,190.0,639.0,8561.0,4511.0,33282.0,72054.0,141543.0
108,16.0,121.0,396.0,1746.0,3505.0,17049.0,245848.0,477443.0,1848490.0,14.0,21.0,212.0,1588.0,4022.0,28141.0,56062.0,361713.0
109,18.0,59.0,185.0,1775.0,3724.0,6398.0,117411.0,257987.0,1686776.0,38.0,281.0,688.0,816.0,1936.0,37908.0,85413.0,332284.0
110,9.0,44.0,1008.0,478.0,3449.0,44808.0,65503.0,68298.0,1984686.0,8.0,70.0,232.0,3971.0,15606.0,55193.0,186226.0,295979.0
111,8.0,29.0,228.0,785.0,15982.0,20884.0,48211.0,141222.0,889695.0,117.0,472.0,190.0,985.0,7914.0,39291.0,86930.0,326135.0
112,9.0,24.0,155.0,770.0,1357.0,43909.0,36658.0,219492.0,1048956.0,17.0,28.0,415.0,2430.0,3364.0,14842.0,106097.0,558326.0
113,17.0,108.0,190.0,870.0,7152.0,37427.0,37745.0,142514.0,524072.0,40.0,62.0,674.0,1475.0,4260.0,46125.0,118739.0,841134.0
114,22.0,119.0,126.0,395.0,4844.0,21524.0,111105.0,148151.0,1259056.0,25.0,342.0,942.0,4649.0,37025.0,34536.0,86859.0,1070692.0
115,18.0,72.0,270.0,599.0,4278.0,31611.0,49888.0,160542.0,1193906.0,32.0,68.0,244.0,1778.0,8943.0,30001.0,98569.0,349627.0
116,20.0,47.0,129.0,702.0,10203.0,18542.0,88622.0,637898.0,679016.0,26.0,159.0,345.0,1177.0,18003.0,18625.0,128776.0,229478.0
117,26.0,66.0,153.0,628.0,3372.0,3754.0,98601.0,447936.0,498210.0,63.0,213.0,676.0,925.0,2322.0,11857.0,90475.0,651374.0
118,14.0,111.0,252.0,1077.0,1281.0,8333.0,17562.0,154586.0,1112161.0,52.0,80.0,552.0,5792.0,5960.0,18899.0,97049.0,791189.0
119,26.0,24.0,128.0,969.0,1491.0,6587.0,86277.0,235092.0,1016221.0,35.0,90.0,471.0,2396.0,6269.0,100915.0,219689.0,233423.0
120,39.0,28.0,188.0,514.0,12791.0,5687.0,66386.0,566792.0,765973.0,18.0,65.0,406.0,1643.0,4169.0,4247.0,73025.0,617998.0
121,25.0,15.0,95.0,360.0,7668.0,16435.0,83092.0,197710.0,1120545.0,15.0,67.0,329.0,3742.0,11557.0,28032.0,210673.0,1980722.0
122,8.0,215.0,472.0,3171.0,4929.0,14927.0,54498.0,489657.0,1882462.0,23.0,114.0,799.0,3840.0,7358.0,72985.0,104550.0,1266989.0
123,21.0,57.0,675.0,1837.0,5839.0,16841.0,44596.0,75446.0,2945614.0,13.0,163.0,115.0,1262.0,5057.0,13082.0,66030.0,599335.0
124,12.0,21.0,476.0,2632.0,1242.0,26511.0,111866.0,115145.0,3156631.0,40.0,55.0,477.0,1293.0,2262.0,184990.0,165949.0,343507.0
125,11.0,16.0,210.0,217.0,3966.0,6830.0,15722.0,178902.0,3182501.0,29.0,120.0,90.0,5899.0,10580.0,38338.0,73110.0,167109.0
126,10.0,20.0,230.0,810.0,3355.0,15433.0,43168.0,65928.0,1627537.0,37.0,39.0,390.0,873.0,4194.0,32572.0,164636.0,448284.0
127,8.0,48.0,388.0,323.0,1437.0,23001.0,12089.0,216067.0,1393596.0,28.0,57.0,322.0,1609.0,3014.0,15561.0,56269.0,685337.0
128,6.0,79.0,495.0,1400.0,5205.0,15925.0,24056.0,294580.0,964246.0,18.0,37.0,200.0,1224.0,7903.0,26775.0,121368.0,202689.0
129,16.0,20.0,441.0,464.0,2168.0,11055.0,22785.0,138018.0,1128330.0,21.0,78.0,208.0,2521.0,5021.0,27578.0,410648.0,431554.0
130,5.0,22.0,57.0,1131.0,2342.0,28517.0,61720.0,70136.0,1944483.0,19.0,76.0,413.0,1114.0,6388.0,36955.0,52147.0,528968.0
131,31.0,42.0,426.0,421.0,5301.0,35861.0,34456.0,75906.0,4541439.0,13.0,95.0,445.0,9464.0,17151.0,19384.0,100293.0,648707.0
132,11.0,57.0,206.0,444.0,2922.0,31357.0,82510.0,121776.0,763297.0,10.0,54.0,499.0,1153.0,4589.0,31214.0,450017.0,297366.0
133,21.0,41.0,816.0,265.0,2663.0,38054.0,40371.0,362041.0,1030898.0,28.0,208.0,1032.0,881.0,23500.0,28255.0,97278.0,244544.0
134,29.0,17.0,108.0,303.0,5342.0,11176.0,83705.0,813574.0,409272.0,19.0,49.0,717.0,2090.0,13748.0,22417.0,28437.0,465733.0
135,5.0,35.0,78.0,526.0,4854.0,19243.0,145338.0,757464.0,1162228.0,40.0,89.0,532.0,475.0,2063.0,57304.0,205460.0,396853.0
136,8.0,25.0,247.0,513.0,3022.0,19536.0,101601.0,44438.0,281184.0,80.0,73.0,379.0,1336.0,8787.0,20762.0,308383.0,295859.0
137,32.0,77.0,399.0,412.0,6050.0,140280.0,46871.0,193923.0,649788.0,21.0,119.0,1149.0,438.0,20483.0,27190.0,228955.0,1036086.0
138,8.0,101.0,194.0,338.0,8443.0,34024.0,95034.0,315329.0,784447.0,39.0,49.0,647.0,1719.0,3241.0,65831.0,45421.0,409651.0
139,7.0,29.0,474.0,1933.0,2396.0,9300.0,26026.0,259322.0,455072.0,29.0,66.0,271.0,2391.0,12473.0,32417.0,68429.0,402391.0
140,28.0,23.0,133.0,1088.0,4669.0,41105.0,75080.0,262147.0,2564633.0,11.0,59.0,308.0,622.0,7213.0,127702.0,98697.0,1013971.0
141,10.0,19.0,549.0,750.0,9283.0,24971.0,98839.0,242556.0,878368.0,16.0,229.0,428.0,1509.0,6516.0,36190.0,99844.0,411993.0
142,7.0,115.0,103.0,523.0,4577.0,17923.0,22272.0,152956.0,669434.0,26.0,47.0,131.0,1663.0,11682.0,96645.0,68166.0,397253.0
143,39.0,33.0,55.0,743.0,12404.0,6699.0,48871.0,268261.0,1206924.0,16.0,76.0,392.0,3591.0,6467.0,43608.0,266803.0,557151.0
144,4.0,100.0,418.0,1134.0,3855.0,7481.0,33604.0,135240.0,630218.0,85.0,33.0,476.0,418.0,4626.0,21462.0,197365.0,746841.0
145,16.0,47.0,324.0,1610.0,2305.0,24603.0,46401.0,264330.0,633299.0,20.0,127.0,637.0,1570.0,6794.0,21446.0,244257.0,658706.0
146,26.0,51.0,730.0,429.0,2948.0,27687.0,130000.0,706635.0,2086493.0,14.0,178.0,1699.0,1591.0,9576.0,26986.0,153376.0,457919.0
147,8.0,110.0,417.0,2895.0,6041.0,19418.0,72675.0,354806.0,671393.0,16.0,155.0,171.0,2456.0,4802.0,9674.0,93668.0,1160335.0
148,12.0,71.0,144.0,842.0,1793.0,30253.0,14229.0,171072.0,1339215.0,24.0,47.0,419.0,2772.0,3825.0,28057.0,50667.0,1133443.0
149,21.0,23.0,424.0,2037.0,7844.0,19245.0,27488.0,276222.0,1433785.0,19.0,50.0,265.0,992.0,3450.0,28624.0,289064.0,259314.0
150,26.0,30.0,105.0,894.0,1658.0,18689.0,33520.0,234384.0,655112.0,29.0,184.0,1340.0,725.0,3121.0,68558.0,119730.0,118957.0
151,15.0,204.0,550.0,656.0,14930.0,44033.0,41620.0,84734.0,2885378.0,35.0,68.0,796.0,2152.0,3202.0,21482.0,413660.0,258952.0
152,27.0,32.0,309.0,385.0,2346.0,13609.0,37858.0,401830.0,443556.0,41.0,181.0,613.0,688.0,4204.0,38959.0,151370.0,644179.0
153,22.0,33.0,131.0,1335.0,2255.0,5351.0,71778.0,259733.0,444296.0,81.0,48.0,200.0,5983.0,7946.0,89925.0,216839.0,959969.0
154,9.0,119.0,333.0,501.0,912.0,3965.0,82387.0,826438.0,1398699.0,60.0,403.0,239.0,1541.0,3741.0,36749.0,94640.0,517918.0
155,29.0,28.0,249.0,1418.0,2834.0,10824.0,55154.0,319714.0,2036122.0,20.0,249.0,332.0,1831.0,16307.0,10954.0,258838.0,273960.0
156,9.0,56.0,345.0,1661.0,1934.0,20248.0,29329.0,137727.0,1396291.0,33.0,229.0,658.0,338.0,5888.0,13839.0,47321.0,934668.0
157,17.0,37.0,115.0,445.0,1895.0,25378.0,53211.0,99329.0,1170039.0,18.0,87.0,343.0,1536.0,6919.0,41798.0,48221.0,395059.0
158,10.0,37.0,259.0,657.0,3865.0,8223.0,41075.0,375523.0,584193.0,22.0,172.0,68.0,2069.0,11546.0,40707.0,193218.0,1479923.0
159,8.0,39.0,152.0,1315.0,2667.0,11340.0,86987.0,230537.0,961056.0,18.0,224.0,949.0,10266.0,2934.0,24172.0,66582.0,1580090.0
160,9.0,31.0,270.0,363.0,3843.0,21213.0,41506.0,257275.0,614269.0,10.0,116.0,571.0,3473.0,7105.0,53767.0,68072.0,184370.0
161,29.0,84.0,167.0,253.0,3721.0,26019.0,29783.0,164225.0,1160824.0,68.0,253.0,170.0,716.0,10894.0,49001.0,176906.0,582248.0
162,7.0,19.0,144.0,2312.0,1692.0,7040.0,35784.0,230692.0,1250065.0,27.0,42.0,930.0,3062.0,7709.0,28914.0,140542.0,217945.0
163,14.0,51.0,96.0,1057.0,2247.0,11043.0,51658.0,222511.0,1324130.0,17.0,101.0,1613.0,2634.0,3487.0,17873.0,70496.0,513935.0
164,6.0,17.0,80.0,367.0,11495.0,9033.0,90963.0,462685.0,2948137.0,49.0,183.0,376.0,2716.0,2335.0,52385.0,203472.0,1461964.0
165,36.0,19.0,200.0,527.0,1073.0,12107.0,71520.0,389915.0,2021987.0,28.0,87.0,400.0,1730.0,3245.0,28036.0,74123.0,870279.0
166,5.0,42.0,177.0,272.0,3020.0,9383.0,235607.0,194843.0,3505238.0,78.0,107.0,360.0,2171.0,6488.0,58294.0,87964.0,926097.0
167,13.0,63.0,235.0,1870.0,13974.0,28890.0,69561.0,327227.0,878564.0,20.0,109.0,393.0,5229.0,6940.0,15547.0,259689.0,555442.0
168,23.0,91.0,220.0,2982.0,3355.0,13883.0,29410.0,62386.0,2769976.0,16.0,89.0,461.0,1196.0,2720.0,68486.0,219979.0,685961.0
169,8.0,85.0,698.0,2944.0,9022.0,10180.0,86924.0,137676.0,2953353.0,29.0,80.0,725.0,992.0,14293.0,48661.0,341604.0,787313.0
170,5.0,19.0,353.0,1228.0,3438.0,20130.0,90618.0,672807.0,478192.0,24.0,184.0,489.0,1632.0,26916.0,27212.0,88159.0,592974.0
171,54.0,20.0,224.0,2330.0,3560.0,57956.0,190295.0,172307.0,1821745.0,53.0,71.0,530.0,875.0,10182.0,30297.0,96445.0,133315.0
172,18.0,52.0,276.0,2512.0,5175.0,19897.0,78916.0,339390.0,522146.0,17.0,163.0,410.0,1510.0,6535.0,29028.0,133053.0,670686.0
173,5.0,48.0,75.0,266.0,3745.0,4395.0,31751.0,163697.0,1003772.0,16.0,75.0,207.0,1564.0,27938.0,14975.0,79002.0,992825.0
174,10.0,86.0,92.0,756.0,5776.0,6003.0,21274.0,254959.0,2768293.0,40.0,49.0,599.0,6063.0,17305.0,43378.0,87239.0,668063.0
175,43.0,47.0,237.0,427.0,11959.0,4210.0,26179.0,208408.0,2976160.0,23.0,65.0,200.0,4540.0,4264.0,33829.0,50656.0,1926944.0
176,20.0,37.0,180.0,384.0,5992.0,3890.0,152265.0,385600.0,4117735.0,28.0,128.0,1034.0,1563.0,3791.0,50219.0,223608.0,1483645.0
177,9.0,80.0,882.0,578.0,2461.0,9648.0,24210.0,446139.0,2029456.0,49.0,173.0,623.0,2023.0,16279.0,10041.0,123267.0,365485.0
178,14.0,18.0,311.0,1695.0,4986.0,12065.0,79295.0,116339.0,1018771.0,74.0,270.0,263.0,943.0,6983.0,16193.0,210026.0,1008744.0
179,38.0,81.0,195.0,1520.0,1998.0,16367.0,84773.0,78969.0,919281.0,38.0,98.0,612.0,1446.0,6164.0,148781.0,121862.0,401516.0
180,24.0,137.0,457.0,611.0,2319.0,5595.0,89395.0,224087.0,821342.0,16.0,62.0,163.0,2647.0,5726.0,48549.0,101324.0,126601.0
181,14.0,32.0,130.0,1014.0,4275.0,5024.0,19035.0,224848.0,1119968.0,22.0,70.0,764.0,2893.0,5739.0,20860.0,52554.0,473428.0
182,13.0,88.0,221.0,1080.0,929.0,10257.0,54139.0,246239.0,781344.0,11.0,144.0,468.0,2366.0,1380.0,39676.0,130641.0,598475.0
183,30.0,138.0,1397.0,447.0,6884.0,11607.0,82564.0,167541.0,1694919.0,32.0,241.0,83.0,2428.0,9097.0,23324.0,46251.0,724534.0
184,15.0,56.0,421.0,981.0,1567.0,35850.0,45424.0,276993.0,550127.0,68.0,103.0,168.0,4074.0,10026.0,40898.0,174991.0,319637.0
185,10.0,156.0,278.0,2224.0,3019.0,26322.0,49233.0,65164.0,1530289.0,13.0,240.0,118.0,1098.0,3973.0,68286.0,195658.0,540920.0
186,22.0,26.0,600.0,752.0,3434.0,21831.0,73735.0,133806.0,1228534.0,16.0,308.0,370.0,819.0,6070.0,14878.0,108819.0,156653.0
187,8.0,16.0,184.0,478.0,2299.0,22301.0,58597.0,315747.0,1391835.0,34.0,113.0,156.0,1731.0,5346.0,23185.0,67964.0,2125777.0
188,9.0,12.0,988.0,1992.0,2331.0,13977.0,97402.0,96761.0,985445.0,21.0,383.0,380.0,997.0,7495.0,30847.0,81036.0,261029.0
189,12.0,21.0,286.0,4171.0,1497.0,41433.0,32564.0,257067.0,256817.0,30.0,169.0,1833.0,908.0,17693.0,49106.0,75380.0,610136.0
190,11.0,103.0,173.0,1580.0,3194.0,16797.0,329302.0,102703.0,950890.0,7.0,165.0,835.0,568.0,4627.0,118711.0,69793.0,1032748.0
191,18.0,31.0,216.0,1385.0,15550.0,24839.0,91926.0,150133.0,2056053.0,17.0,159.0,779.0,1900.0,9815.0,38138.0,433954.0,377685.0
192,36.0,97.0,177.0,453.0,2353.0,6781.0,59166.0,95355.0,1082046.0,10.0,125.0,444.0,2098.0,10656.0,29034.0,271220.0,150599.0
193,9.0,106.0,240.0,628.0,6878.0,9628.0,51850.0,194644.0,731047.0,27.0,159.0,817.0,2655.0,5103.0,8386.0,85016.0,661858.0
194,10.0,35.0,90.0,2047.0,1680.0,15968.0,131018.0,79090.0,1314429.0,20.0,110.0,156.0,2789.0,9606.0,16967.0,133246.0,445420.0
195,7.0,44.0,166.0,762.0,1908.0,11520.0,69734.0,126033.0,1879556.0,15.0,149.0,1103.0,1017.0,9462.0,39049.0,55665.0,568327.0
196,34.0,81.0,164.0,2743.0,7354.0,14245.0,123644.0,202183.0,711776.0,103.0,345.0,139.0,4436.0,10710.0,22718.0,79610.0,1502374.0
197,19.0,98.0,625.0,667.0,8760.0,16756.0,95906.0,230330.0,1791276.0,14.0,220.0,258.0,775.0,11854.0,45109.0,234863.0,434299.0
198,10.0,54.0,258.0,514.0,4261.0,18849.0,72007.0,65173.0,492420.0,18.0,123.0,238.0,3066.0,20163.0,40542.0,68600.0,249245.0
199,16.0,76.0,211.0,1499.0,3428.0,25805.0,31431.0,295049.0,727307.0,95.0,73.0,526.0,5445.0,5867.0,7589.0,96129.0,693282.0
200,15.0,24.0,441.0,407.0,1475.0,19846.0,41885.0,795430.0,2608672.0,17.0,237.0,784.0,3100.0,6605.0,25506.0,94755.0,555296.0
201,9.0,100.0,198.0,2737.0,2996.0,10022.0,41856.0,192416.0,587328.0,32.0,77.0,683.0,1187.0,3393.0,66304.0,75392.0,319969.0
202,24.0,28.0,124.0,143.0,3369.0,11582.0,19868.0,868441.0,968748.0,25.0,149.0,2296.0,4088.0,14300.0,131032.0,238170.0,1156760.0
203,20.0,68.0,700.0,1310.0,3915.0,30018.0,81103.0,538073.0,838797.0,12.0,42.0,682.0,495.0,1379.0,10863.0,448363.0,615465.0
204,21.0,42.0,377.0,489.0,6336.0,21742.0,85485.0,280688.0,274446.0,59.0,175.0,219.0,704.0,6832.0,94644.0,383792.0,1170039.0
205,4.0,22.0,164.0,366.0,18679.0,16305.0,48525.0,783087.0,457661.0,16.0,265.0,368.0,1351.0,7833.0,124583.0,144962.0,544273.0
206,16.0,83.0,245.0,1479.0,7497.0,7119.0,16702.0,267763.0,648164.0,42.0,348.0,261.0,1245.0,2864.0,35688.0,131044.0,238076.0
207,17.0,101.0,342.0,594.0,4420.0,8623.0,53244.0,383478.0,614510.0,77.0,327.0,446.0,1300.0,9064.0,120586.0,80248.0,1477710.0
208,10.0,56.0,234.0,414.0,2962.0,5141.0,119019.0,182928.0,1109741.0,26.0,126.0,254.0,2231.0,18613.0,23046.0,85968.0,919542.0
209,21.0,20.0,281.0,1124.0,2781.0,14348.0,46397.0,810375.0,1318886.0,54.0,78.0,554.0,652.0,4758.0,29142.0,92895.0,733742.0
210,31.0,24.0,147.0,583.0,5684.0,30771.0,229723.0,111253.0,2761780.0,38.0,87.0,959.0,2794.0,13298.0,22979.0,88515.0,936482.0
211,9.0,33.0,223.0,696.0,1542.0,7827.0,31570.0,349613.0,693765.0,57.0,91.0,165.0,1293.0,6969.0,25022.0,75714.0,661286.0
212,7.0,33.0,78.0,976.0,2133.0,8950.0,24782.0,373421.0,1640537.0,23.0,379.0,569.0,1810.0,8065.0,31019.0,126932.0,293382.0
213,5.0,32.0,295.0,1540.0,7397.0,17135.0,200315.0,234468.0,476425.0,29.0,162.0,461.0,1948.0,10663.0,15168.0,32202.0,425368.0
214,34.0,72.0,73.0,609.0,3365.0,27083.0,60111.0,600924.0,551823.0,36.0,57.0,681.0,5098.0,9092.0,7905.0,51717.0,352587.0
215,20.0,60.0,174.0,1068.0,2314.0,12669.0,102962.0,72529.0,2461648.0,64.0,120.0,704.0,2974.0,2924.0,59330.0,469142.0,200692.0
216,8.0,37.0,202.0,1617.0,2563.0,3421.0,13881.0,135310.0,2160138.0,48.0,43.0,629.0,1333.0,2182.0,19771.0,97246.0,575308.0
217,5.0,55.0,125.0,1634.0,5466.0,16586.0,28074.0,160185.0,791241.0,36.0,132.0,249.0,1858.0,6397.0,17413.0,199409.0,705691.0
218,5.0,22.0,497.0,570.0,11133.0,5511.0,98952.0,123752.0,1403729.0,73.0,165.0,954.0,1501.0,8338.0,39005.0,148136.0,806808.0
219,14.0,46.0,273.0,1199.0,2774.0,21761.0,76999.0,315389.0,716768.0,78.0,89.0,287.0,5023.0,4824.0,33981.0,125118.0,405393.0
220,12.0,65.0,147.0,751.0,3510.0,11715.0,44182.0,655429.0,2270874.0,17.0,76.0,109.0,3492.0,8639.0,22481.0,78675.0,644061.0
221,14.0,23.0,71.0,941.0,5308.0,10938.0,57638.0,207637.0,2989780.0,46.0,141.0,353.0,1076.0,4861.0,22972.0,58988.0,647073.0
222,17.0,213.0,374.0,476.0,4434.0,8499.0,85190.0,180284.0,1506272.0,22.0,129.0,726.0,2061.0,4295.0,79327.0,101683.0,458657.0
223,10.0,68.0,191.0,435.0,6243.0,22074.0,74790.0,379251.0,931973.0,14.0,82.0,227.0,5601.0,5283.0,18982.0,150547.0,597230.0
224,14.0,109.0,193.0,1062.0,947.0,14554.0,58078.0,321608.0,1122335.0,70.0,111.0,511.0,1073.0,4355.0,27553.0,105773.0,493604.0
225,14.0,45.0,118.0,786.0,3792.0,33672.0,15141.0,193335.0,1600309.0,47.0,77.0,548.0,815.0,12006.0,19499.0,124362.0,495375.0
226,28.0,25.0,332.0,654.0,5693.0,15508.0,86064.0,522746.0,1089432.0,33.0,67.0,425.0,594.0,5952.0,40140.0,109039.0,881685.0
227,32.0,37.0,79.0,846.0,13110.0,26587.0,62232.0,232604.0,1110852.0,146.0,120.0,192.0,2586.0,6093.0,32783.0,495947.0,1127816.0
228,6.0,112.0,967.0,1226.0,7626.0,22461.0,39160.0,975684.0,462673.0,34.0,109.0,193.0,1836.0,8679.0,20972.0,100609.0,811865.0
229,19.0,176.0,611.0,3074.0,4036.0,10564.0,60889.0,484977.0,1840217.0,42.0,55.0,649.0,3628.0,19731.0,9078.0,148905.0,798380.0
230,9.0,73.0,144.0,784.0,2473.0,4526.0,20631.0,116356.0,563497.0,8.0,101.0,487.0,722.0,1741.0,29231.0,252309.0,177949.0
231,15.0,62.0,132.0,563.0,8776.0,5753.0,68607.0,753856.0,1255339.0,42.0,192.0,420.0,848.0,8134.0,52086.0,82812.0,228063.0
232,37.0,48.0,173.0,2211.0,9349.0,15582.0,32205.0,195176.0,715319.0,43.0,375.0,144.0,1123.0,7206.0,16263.0,331820.0,552417.0
233,57.0,197.0,107.0,718.0,5938.0,26166.0,203013.0,542394.0,729350.0,88.0,309.0,313.0,6758.0,2415.0,70999.0,103836.0,365445.0
234,8.0,69.0,169.0,1858.0,487.0,21631.0,40030.0,531005.0,746287.0,6.0,247.0,617.0,3365.0,8342.0,28781.0,50309.0,364124.0
235,11.0,72.0,870.0,731.0,3430.0,5383.0,281625.0,81649.0,963579.0,63.0,128.0,1208.0,1145.0,14183.0,15922.0,165582.0,1343571.0
236,32.0,17.0,207.0,424.0,2443.0,14651.0,135526.0,52969.0,1408344.0,18.0,155.0,663.0,1296.0,4408.0,10386.0,86552.0,235208.0
237,5.0,72.0,767.0,1198.0,11312.0,17143.0,69703.0,122447.0,423914.0,24.0,23.0,431.0,4272.0,4930.0,54609.0,78001.0,250525.0
238,8.0,102.0,168.0,1315.0,1554.0,14870.0,74023.0,171368.0,1957675.0,10.0,68.0,497.0,6557.0,33613.0,16145.0,142710.0,502366.0
239,8.0,152.0,114.0,4103.0,3415.0,4325.0,54724.0,212872.0,862426.0,18.0,293.0,211.0,3455.0,10471.0,43052.0,95039.0,583451.0
240,8.0,31.0,352.0,601.0,4057.0,15463.0,98621.0,429684.0,969466.0,16.0,115.0,1971.0,1650.0,1613.0,56856.0,63344.0,370789.0
241,35.0,74.0,153.0,350.0,1390.0,9625.0,147147.0,583298.0,1408299.0,65.0,33.0,344.0,2958.0,3733.0,47120.0,206501.0,181333.0
242,10.0,42.0,293.0,533.0,3526.0,4743.0,258090.0,134254.0,2080706.0,11.0,109.0,297.0,2186.0,19004.0,14853.0,55220.0,211175.0
243,6.0,77.0,151.0,1917.0,1152.0,18657.0,39991.0,145447.0,2707279.0,34.0,177.0,839.0,2613.0,3969.0,17849.0,47075.0,400184.0
244,6.0,35.0,173.0,288.0,3627.0,21506.0,66174.0,365552.0,1776489.0,32.0,128.0,481.0,4724.0,13823.0,83810.0,559511.0,411183.0
245,4.0,37.0,81.0,844.0,5315.0,8760.0,47670.0,476529.0,400535.0,11.0,284.0,250.0,621.0,1862.0,23918.0,70326.0,475955.0
246,13.0,19.0,175.0,1012.0,2358.0,50410.0,27535.0,293153.0,761611.0,35.0,91.0,1325.0,1663.0,4099.0,51728.0,73601.0,372184.0
247,35.0,47.0,336.0,2241.0,2700.0,6142.0,128173.0,155334.0,262679.0,15.0,84.0,182.0,1760.0,12211.0,76246.0,50381.0,1176159.0
248,5.0,167.0,235.0,1117.0,2193.0,13002.0,68961.0,494874.0,1039490.0,11.0,36.0,395.0,1093.0,4773.0,45955.0,305986.0,642926.0
249,44.0,33.0,48.0,1935.0,3038.0,8300.0,38018.0,346483.0,1004047.0,9.0,171.0,330.0,1659.0,5819.0,16317.0,160528.0,826311.0
250,7.0,21.0,244.0,2043.0,5993.0,34290.0,55922.0,173090.0,1087458.0,12.0,61.0,635.0,926.0,1895.0,35510.0,225558.0,275035.0
251,21.0,102.0,197.0,718.0,2205.0,33171.0,229180.0,404095.0,1034609.0,22.0,259.0,488.0,1537.0,10451.0,62720.0,65242.0,750066.0
252,27.0,278.0,158.0,2328.0,6970.0,27364.0,33199.0,297970.0,507206.0,69.0,137.0,894.0,2748.0,22662.0,9900.0,317514.0,151280.0
253,10.0,133.0,402.0,352.0,4052.0,10892.0,109409.0,47902.0,288448.0,29.0,306.0,574.0,3602.0,4923.0,73883.0,90868.0,659285.0
254,5.0,209.0,454.0,5091.0,964.0,45773.0,65160.0,179777.0,900791.0,58.0,141.0,756.0,3255.0,5913.0,19385.0,160510.0,388738.0
255,4.0,71.0,278.0,3896.0,1982.0,14826.0,61456.0,229896.0,2293227.0,31.0,119.0,1060.0,1876.0,38336.0,85542.0,91100.0,833570.0
256,12.0,22.0,510.0,978.0,2172.0,12769.0,26789.0,176807.0,661656.0,97.0,58.0,719.0,1689.0,14062.0,66125.0,241759.0,473371.0
257,5.0,61.0,173.0,1347.0,8025.0,17989.0,174081.0,163382.0,649720.0,10.0,63.0,1422.0,1918.0,10802.0,47115.0,132624.0,288672.0
258,16.0,16.0,171.0,881.0,1630.0,4719.0,73122.0,125191.0,1018971.0,44.0,57.0,283.0,926.0,10442.0,25137.0,332649.0,217227.0
259,5.0,20.0,42.0,342.0,6563.0,14330.0,262007.0,98819.0,933526.0,30.0,75.0,448.0,617.0,21600.0,67322.0,87896.0,682250.0
260,13.0,36.0,805.0,431.0,4988.0,23480.0,24506.0,118556.0,5830201.0,90.0,369.0,313.0,2078.0,4383.0,29117.0,177709.0,488347.0
261,8.0,45.0,427.0,833.0,5511.0,4535.0,95516.0,583277.0,1170045.0,32.0,339.0,111.0,4936.0,3165.0,22575.0,170925.0,343478.0
262,12.0,46.0,93.0,912.0,7079.0,29319.0,95212.0,463560.0,1398713.0,10.0,69.0,519.0,4999.0,5205.0,29784.0,142088.0,137286.0
263,19.0,31.0,148.0,2433.0,1628.0,8590.0,36352.0,271352.0,618636.0,21.0,55.0,397.0,2193.0,17459.0,45965.0,265446.0,849462.0
264,25.0,59.0,107.0,1689.0,2077.0,9896.0,144004.0,81680.0,725353.0,28.0,71.0,428.0,1018.0,7219.0,61806.0,64253.0,413350.0
265,54.0,23.0,576.0,306.0,5473.0,7917.0,152364.0,181151.0,1347479.0,41.0,44.0,302.0,4096.0,4904.0,54180.0,328358.0,405007.0
266,17.0,61.0,252.0,658.0,6054.0,25546.0,66957.0,450356.0,672111.0,34.0,409.0,298.0,1053.0,12145.0,6785.0,183741.0,1011071.0
267,19.0,38.0,424.0,1130.0,3846.0,9109.0,37928.0,282640.0,3297061.0,63.0,168.0,911.0,1708.0,22057.0,73413.0,98210.0,857954.0
268,5.0,67.0,285.0,938.0,3661.0,22243.0,114898.0,83054.0,925939.0,10.0,64.0,187.0,1507.0,25482.0,41500.0,99104.0,319382.0
269,13.0,125.0,244.0,408.0,2794.0,14100.0,60665.0,144485.0,383662.0,12.0,53.0,616.0,4446.0,9094.0,10169.0,166384.0,308554.0
270,12.0,23.0,166.0,885.0,3749.0,9901.0,35221.0,241362.0,579419.0,26.0,162.0,525.0,1367.0,16821.0,20792.0,360254.0,387444.0
271,16.0,36.0,75.0,656.0,3945.0,21896.0,146872.0,96759.0,3092798.0,36.0,71.0,238.0,1913.0,5197.0,29943.0,79498.0,292755.0
272,22.0,45.0,181.0,609.0,2969.0,12403.0,91358.0,209469.0,1636660.0,63.0,216.0,501.0,1067.0,24783.0,21620.0,188748.0,163151.0
273,40.0,23.0,800.0,1412.0,9035.0,12245.0,52970.0,208515.0,619547.0,22.0,138.0,878.0,417.0,12682.0,84600.0,105504.0,2041114.0
274,11.0,28.0,282.0,2300.0,8618.0,25968.0,43406.0,595850.0,1486202.0,40.0,186.0,1234.0,2962.0,5929.0,16352.0,95580.0,637314.0
275,17.0,68.0,334.0,3639.0,11244.0,6933.0,134501.0,103854.0,1367817.0,36.0,59.0,320.0,1211.0,3668.0,15756.0,200919.0,639819.0
276,20.0,51.0,335.0,1359.0,7402.0,32175.0,122638.0,666964.0,1654669.0,32.0,105.0,886.0,5740.0,10722.0,50366.0,168525.0,305035.0
277,4.0,59.0,121.0,576.0,3206.0,34901.0,55752.0,561980.0,371437.0,64.0,152.0,930.0,792.0,2412.0,27793.0,88439.0,915694.0
278,56.0,51.0,371.0,1152.0,3925.0,8249.0,161961.0,352727.0,1145960.0,17.0,333.0,1544.0,1043.0,10114.0,98236.0,122443.0,1362864.0
279,4.0,58.0,595.0,649.0,1652.0,5021.0,55968.0,213191.0,563750.0,28.0,293.0,908.0,784.0,6548.0,56014.0,132274.0,424341.0
280,6.0,81.0,51.0,2621.0,5786.0,4235.0,41612.0,95888.0,1133395.0,17.0,192.0,309.0,485.0,3187.0,12912.0,100129.0,913135.0
281,14.0,68.0,86.0,397.0,11416.0,9059.0,78683.0,250213.0,435315.0,31.0,73.0,291.0,1200.0,17686.0,43563.0,52485.0,204653.0
282,74.0,124.0,275.0,1385.0,3484.0,4440.0,28913.0,104038.0,3208416.0,18.0,144.0,1378.0,792.0,22442.0,52578.0,100749.0,515691.0
283,4.0,122.0,267.0,1580.0,3288.0,30211.0,49048.0,93444.0,515997.0,28.0,89.0,713.0,2284.0,6345.0,196273.0,43415.0,513365.0
284,26.0,31.0,405.0,1721.0,4396.0,8486.0,63646.0,172826.0,1800809.0,19.0,87.0,308.0,915.0,13285.0,57528.0,220310.0,298578.0
285,32.0,78.0,261.0,1216.0,2523.0,84318.0,46817.0,354589.0,688980.0,25.0,52.0,177.0,4666.0,9936.0,43279.0,122484.0,1854957.0
286,10.0,17.0,191.0,374.0,1474.0,17444.0,92163.0,349963.0,535258.0,35.0,147.0,547.0,3444.0,7174.0,16520.0,143496.0,931364.0
287,14.0,98.0,204.0,3129.0,3559.0,4733.0,125784.0,106304.0,2970736.0,66.0,49.0,202.0,2256.0,3266.0,84691.0,64868.0,254994.0
288,19.0,52.0,275.0,4186.0,3910.0,22407.0,107641.0,377907.0,916147.0,12.0,170.0,295.0,1693.0,2364.0,22951.0,80161.0,477706.0
289,8.0,38.0,257.0,397.0,8940.0,21109.0,34129.0,476584.0,1536572.0,19.0,171.0,284.0,676.0,37746.0,29636.0,155772.0,579714.0
290,11.0,120.0,155.0,3104.0,8599.0,10142.0,149844.0,573931.0,753315.0,17.0,116.0,426.0,3997.0,6172.0,28518.0,51070.0,378307.0
291,14.0,73.0,442.0,644.0,11026.0,27865.0,80751.0,196029.0,510299.0,37.0,27.0,129.0,4801.0,10860.0,45343.0,73826.0,1144651.0
292,11.0,67.0,164.0,649.0,4808.0,13960.0,152056.0,297457.0,2840884.0,23.0,63.0,224.0,2333.0,3458.0,15449.0,15462.0,620261.0
293,26.0,131.0,254.0,2003.0,6306.0,39981.0,118468.0,146875.0,845616.0,19.0,24.0,925.0,2866.0,5973.0,50511.0,98764.0,258922.0
294,37.0,41.0,238.0,2194.0,2178.0,25492.0,67469.0,107274.0,1402532.0,36.0,48.0,288.0,2064.0,4667.0,29961.0,61217.0,819051.0
295,13.0,53.0,589.0,1817.0,13122.0,8618.0,61458.0,340860.0,629544.0,36.0,169.0,309.0,899.0,3854.0,17058.0,221463.0,434763.0
296,18.0,19.0,248.0,839.0,3068.0,10670.0,30172.0,551657.0,298844.0,17.0,79.0,114.0,3834.0,8443.0,53294.0,408157.0,334128.0
297,19.0,225.0,221.0,2667.0,2056.0,9389.0,62043.0,85035.0,304595.0,48.0,103.0,839.0,3727.0,4944.0,53399.0,93087.0,137535.0
298,6.0,13.0,254.0,761.0,4818.0,20001.0,36993.0,454799.0,3092206.0,36.0,49.0,300.0,929.0,4920.0,14658.0,74602.0,387515.0
299,8.0,122.0,143.0,1121.0,3710.0,14250.0,79517.0,123670.0,2877914.0,7.0,181.0,682.0,1278.0,2124.0,30774.0,203206.0,1561117.0
300,14.0,11.0,305.0,519.0,2444.0,27433.0,26152.0,109204.0,1042709.0,26.0,195.0,262.0,1162.0,6795.0,76295.0,94356.0,460269.0
301,34.0,207.0,138.0,1370.0,7748.0,15153.0,86390.0,136985.0,1061663.0,21.0,146.0,244.0,5226.0,10135.0,20717.0,40620.0,1103712.0
302,8.0,56.0,129.0,1589.0,10907.0,23956.0,55338.0,261117.0,3107852.0,18.0,111.0,454.0,2011.0,10711.0,56599.0,131791.0,511855.0
303,26.0,36.0,769.0,484.0,4304.0,17463.0,129991.0,134161.0,1658736.0,31.0,59.0,821.0,1776.0,2468.0,51687.0,47801.0,925992.0
304,12.0,43.0,471.0,2054.0,6941.0,10037.0,42117.0,617937.0,3829532.0,54.0,22.0,554.0,680.0,12557.0,17585.0,284566.0,521710.0
305,7.0,117.0,487.0,444.0,2445.0,23379.0,64507.0,517154.0,3026916.0,11.0,114.0,928.0,1819.0,2234.0,36921.0,118324.0,650003.0
306,14.0,65.0,87.0,340.0,1864.0,17531.0,58616.0,544444.0,1157864.0,36.0,65.0,760.0,936.0,7191.0,39127.0,38464.0,592771.0
307,12.0,128.0,426.0,1209.0,2951.0,16645.0,64298.0,159873.0,2058240.0,54.0,241.0,221.0,1648.0,6646.0,53606.0,118393.0,274352.0
308,24.0,93.0,233.0,751.0,8245.0,15767.0,47311.0,342054.0,703707.0,30.0,152.0,988.0,2327.0,12928.0,19954.0,123254.0,514288.0
309,6.0,23.0,273.0,1503.0,13942.0,26134.0,55623.0,252825.0,363802.0,16.0,120.0,845.0,768.0,8063.0,95692.0,248687.0,257490.0
310,10.0,75.0,154.0,3856.0,1119.0,11838.0,46749.0,229669.0,1336982.0,59.0,47.0,187.0,1842.0,5945.0,16552.0,157158.0,289503.0
311,14.0,36.0,456.0,1801.0,3631.0,9695.0,175767.0,314678.0,478811.0,9.0,119.0,267.0,984.0,12725.0,57277.0,122802.0,619302.0
312,23.0,45.0,91.0,576.0,6609.0,8197.0,29943.0,313709.0,828570.0,13.0,293.0,848.0,1716.0,9981.0,13867.0,51759.0,447714.0
313,22.0,59.0,943.0,287.0,2155.0,44303.0,54898.0,218459.0,1585222.0,19.0,98.0,467.0,844.0,18837.0,14513.0,77786.0,491478.0
314,13.0,45.0,202.0,209.0,11536.0,21228.0,23241.0,84373.0,870140.0,44.0,86.0,378.0,1109.0,4898.0,25567.0,301324.0,527217.0
315,14.0,237.0,224.0,699.0,10270.0,12220.0,80602.0,253955.0,861735.0,49.0,148.0,614.0,4589.0,3220.0,51149.0,482510.0,172803.0
316,21.0,60.0,548.0,289.0,5726.0,13389.0,133194.0,319181.0,879390.0,57.0,90.0,849.0,1362.0,4138.0,13099.0,39088.0,659696.0
317,14.0,22.0,175.0,657.0,6905.0,22624.0,77696.0,626654.0,1661383.0,44.0,121.0,1501.0,2293.0,9878.0,23681.0,339312.0,1393399.0
318,4.0,100.0,179.0,484.0,2525.0,28850.0,77890.0,196788.0,2674666.0,62.0,57.0,637.0,946.0,3093.0,11311.0,200483.0,253003.0
319,11.0,61.0,90.0,2102.0,2626.0,26472.0,33042.0,238524.0,1169258.0,35.0,139.0,841.0,1404.0,6231.0,39650.0,82134.0,559366.0
320,30.0,83.0,183.0,3768.0,7251.0,10396.0,59844.0,200207.0,1217725.0,15.0,68.0,439.0,932.0,14439.0,28194.0,188387.0,408657.0
321,9.0,47.0,495.0,888.0,918.0,11965.0,333220.0,361905.0,1245015.0,21.0,270.0,402.0,3273.0,8464.0,24612.0,80596.0,117877.0
322,16.0,198.0,201.0,281.0,1983.0,59703.0,22255.0,403039.0,897753.0,39.0,83.0,427.0,469.0,4182.0,62369.0,32248.0,727495.0
323,18.0,44.0,187.0,514.0,2447.0,28359.0,180891.0,300588.0,704114.0,21.0,82.0,802.0,6913.0,4810.0,31778.0,124854.0,319154.0
324,7.0,37.0,154.0,691.0,7596.0,8372.0,139553.0,857652.0,1213622.0,44.0,51.0,150.0,674.0,6189.0,30539.0,42029.0,435516.0
325,14.0,33.0,41.0,652.0,2640.0,7490.0,19962.0,329539.0,1501523.0,16.0,69.0,362.0,2024.0,8821.0,19961.0,46830.0,580976.0
326,29.0,54.0,280.0,132.0,3388.0,9833.0,282024.0,264194.0,1229908.0,20.0,80.0,289.0,8638.0,7076.0,17770.0,335090.0,736922.0
327,4.0,36.0,465.0,1311.0,2429.0,7410.0,82343.0,189206.0,1244193.0,20.0,191.0,847.0,2901.0,9438.0,28297.0,203633.0,682511.0
328,10.0,33.0,122.0,605.0,4252.0,35166.0,96425.0,714276.0,285245.0,20.0,110.0,253.0,1217.0,3120.0,17020.0,56608.0,367199.0
329,20.0,23.0,208.0,749.0,2306.0,11480.0,37731.0,537964.0,1794875.0,48.0,131.0,757.0,2896.0,5586.0,18691.0,186363.0,635960.0
330,7.0,126.0,477.0,1732.0,2879.0,21780.0,40707.0,388811.0,449677.0,15.0,74.0,193.0,2629.0,3718.0,32583.0,358277.0,934711.0
331,5.0,30.0,110.0,1423.0,3924.0,13109.0,40967.0,320975.0,2172170.0,54.0,135.0,217.0,7367.0,25188.0,59730.0,142999.0,581901.0
332,5.0,156.0,307.0,1170.0,14718.0,16661.0,56521.0,435297.0,665043.0,29.0,157.0,1453.0,769.0,8786.0,38392.0,77448.0,956990.0
333,9.0,46.0,108.0,3437.0,8612.0,46096.0,298643.0,139252.0,689596.0,13.0,286.0,224.0,1436.0,17861.0,69505.0,115524.0,147840.0
334,13.0,95.0,196.0,2365.0,4314.0,6317.0,21058.0,395981.0,1237152.0,17.0,99.0,684.0,627.0,2264.0,44740.0,96768.0,793004.0
335,27.0,28.0,216.0,675.0,1857.0,25351.0,55768.0,649079.0,240955.0,14.0,91.0,241.0,11094.0,1947.0,33377.0,106127.0,1775094.0
336,7.0,76.0,361.0,4434.0,3860.0,34843.0,66361.0,456361.0,1083383.0,23.0,89.0,240.0,14846.0,13620.0,53415.0,108285.0,761682.0
337,10.0,68.0,357.0,3107.0,3078.0,11438.0,45576.0,204634.0,973333.0,24.0,157.0,504.0,659.0,12381.0,32047.0,29116.0,485739.0
338,7.0,46.0,121.0,655.0,11775.0,57206.0,116860.0,459823.0,904910.0,24.0,192.0,1285.0,3966.0,7141.0,6302.0,49481.0,578816.0
339,9.0,158.0,334.0,2157.0,4665.0,9437.0,34908.0,146254.0,583874.0,32.0,130.0,521.0,2952.0,6101.0,12903.0,257551.0,201542.0
340,22.0,144.0,235.0,885.0,7086.0,7609.0,107368.0,289603.0,1730450.0,13.0,33.0,686.0,1818.0,3481.0,20843.0,98913.0,432479.0
341,8.0,75.0,112.0,2686.0,4807.0,12709.0,131852.0,268953.0,1738364.0,12.0,46.0,759.0,1580.0,22058.0,33482.0,274417.0,559491.0
342,6.0,23.0,649.0,356.0,4691.0,12800.0,194439.0,199441.0,1959516.0,20.0,83.0,194.0,4187.0,8929.0,36336.0,47208.0,602509.0
343,7.0,54.0,84.0,841.0,4875.0,18099.0,116488.0,276007.0,1610480.0,23.0,20.0,640.0,6376.0,7088.0,45409.0,77221.0,482845.0
344,15.0,33.0,1067.0,1206.0,4715.0,13707.0,29348.0,688983.0,1206540.0,39.0,136.0,123.0,915.0,3102.0,9722.0,33942.0,661360.0
345,27.0,37.0,306.0,613.0,1586.0,8643.0,55399.0,86186.0,2627866.0,42.0,228.0,337.0,915.0,9562.0,13239.0,343004.0,433577.0
346,22.0,40.0,108.0,663.0,3816.0,21930.0,227007.0,324005.0,1093697.0,100.0,105.0,728.0,2605.0,1877.0,34190.0,66916.0,716210.0
347,16.0,23.0,510.0,1008.0,12778.0,67521.0,102782.0,357674.0,728612.0,16.0,132.0,545.0,1221.0,5969.0,15297.0,168481.0,164811.0
348,19.0,49.0,193.0,291.0,7166.0,9963.0,33046.0,206218.0,2018058.0,23.0,300.0,307.0,2425.0,18732.0,87063.0,275521.0,98687.0
349,8.0,56.0,270.0,274.0,8486.0,9249.0,71156.0,242062.0,1030327.0,39.0,109.0,191.0,1886.0,13931.0,64174.0,55442.0,580355.0
350,15.0,118.0,471.0,866.0,1603.0,14972.0,139282.0,211562.0,1324428.0,9.0,229.0,908.0,1515.0,22089.0,98466.0,195422.0,1309935.0
351,14.0,124.0,172.0,3331.0,8348.0,45070.0,103305.0,127978.0,4821820.0,13.0,97.0,362.0,2138.0,5803.0,24471.0,155688.0,342002.0
352,24.0,22.0,551.0,863.0,10931.0,19447.0,92936.0,275395.0,779945.0,12.0,64.0,275.0,1915.0,9560.0,30497.0,56109.0,407261.0
353,33.0,49.0,639.0,1037.0,6243.0,8008.0,46873.0,949337.0,956214.0,65.0,75.0,210.0,2921.0,17667.0,17690.0,437864.0,1119066.0
354,10.0,55.0,95.0,1505.0,4425.0,16080.0,75255.0,384431.0,864370.0,7.0,64.0,632.0,1548.0,9012.0,27358.0,87495.0,831400.0
355,47.0,70.0,72.0,794.0,4226.0,37278.0,154284.0,441080.0,526908.0,38.0,76.0,1449.0,351.0,7391.0,17261.0,70714.0,1632810.0
356,23.0,29.0,293.0,2857.0,2191.0,21624.0,105045.0,350354.0,2453129.0,14.0,356.0,456.0,719.0,4403.0,51422.0,29486.0,1427714.0
357,4.0,18.0,140.0,1038.0,2783.0,42324.0,196018.0,151594.0,1038191.0,19.0,294.0,332.0,1788.0,11826.0,17685.0,136100.0,943813.0
358,15.0,42.0,225.0,412.0,8221.0,24860.0,23114.0,352341.0,432054.0,44.0,287.0,375.0,777.0,5668.0,10265.0,417144.0,441563.0
359,28.0,91.0,168.0,973.0,1301.0,13689.0,91662.0,402127.0,457954.0,12.0,101.0,696.0,579.0,5697.0,41500.0,373032.0,494432.0
360,19.0,76.0,815.0,1478.0,4864.0,9767.0,242603.0,468081.0,1214607.0,13.0,71.0,212.0,6031.0,19008.0,31808.0,45978.0,1840597.0
361,6.0,170.0,134.0,2835.0,2490.0,19471.0,23415.0,184200.0,1088514.0,24.0,45.0,173.0,478.0,3118.0,95132.0,62452.0,843198.0
362,30.0,41.0,75.0,1179.0,5114.0,25052.0,97087.0,531972.0,3624565.0,21.0,85.0,751.0,1777.0,5348.0,48092.0,53326.0,346683.0
363,8.0,81.0,173.0,1498.0,1292.0,26714.0,69972.0,154262.0,272275.0,44.0,107.0,1395.0,1158.0,7830.0,15031.0,247146.0,671734.0
364,15.0,121.0,202.0,373.0,941.0,11372.0,161084.0,937498.0,1197947.0,74.0,65.0,142.0,2225.0,10391.0,60138.0,311478.0,413037.0
365,22.0,66.0,86.0,777.0,3372.0,9044.0,25032.0,180894.0,1987838.0,16.0,93.0,592.0,867.0,7576.0,41195.0,167276.0,322046.0
366,8.0,145.0,108.0,747.0,3239.0,26435.0,86927.0,81572.0,967795.0,21.0,50.0,1021.0,4916.0,4235.0,23368.0,54465.0,634441.0
367,6.0,26.0,553.0,366.0,5756.0,11735.0,32360.0,148571.0,462784.0,43.0,138.0,287.0,1481.0,8783.0,38052.0,117319.0,425494.0
368,12.0,84.0,363.0,2395.0,5304.0,58632.0,28569.0,324799.0,935518.0,28.0,95.0,912.0,2289.0,12350.0,50136.0,123726.0,581207.0
369,7.0,43.0,158.0,1643.0,747.0,19640.0,52093.0,893461.0,474545.0,46.0,110.0,247.0,1515.0,6059.0,11012.0,258065.0,123661.0
370,34.0,25.0,601.0,563.0,9328.0,11838.0,110412.0,343218.0,1697125.0,59.0,81.0,574.0,591.0,5926.0,53242.0,105994.0,721283.0
371,29.0,37.0,180.0,598.0,5527.0,47765.0,28507.0,315053.0,730322.0,17.0,63.0,280.0,572.0,5954.0,107609.0,76907.0,462996.0
372,28.0,115.0,334.0,1486.0,1780.0,35018.0,55878.0,154986.0,376415.0,82.0,57.0,721.0,5952.0,7922.0,14964.0,87496.0,1449976.0
373,13.0,210.0,490.0,1512.0,2291.0,14764.0,25136.0,56819.0,1850992.0,28.0,73.0,801.0,3880.0,8889.0,11134.0,48879.0,1666936.0
374,23.0,27.0,230.0,735.0,3431.0,26714.0,38094.0,427028.0,890787.0,27.0,105.0,764.0,654.0,20886.0,8151.0,138774.0,1122810.0
375,6.0,49.0,176.0,360.0,11705.0,72056.0,20494.0,563605.0,385455.0,53.0,222.0,347.0,753.0,16290.0,103510.0,117319.0,3218656.0
376,10.0,24.0,752.0,1785.0,2711.0,32160.0,12465.0,365524.0,746760.0,51.0,201.0,821.0,3873.0,7323.0,13222.0,193349.0,839140.0
377,5.0,94.0,410.0,449.0,880.0,31099.0,42722.0,539386.0,1329113.0,25.0,70.0,677.0,666.0,3817.0,9031.0,412500.0,1607981.0
378,7.0,82.0,256.0,204.0,7601.0,57722.0,102713.0,76154.0,1358990.0,21.0,114.0,282.0,788.0,8230.0,44934.0,72176.0,718221.0
379,17.0,43.0,298.0,941.0,1212.0,26495.0,70867.0,175374.0,783931.0,30.0,325.0,679.0,1413.0,5480.0,13647.0,55378.0,202662.0
380,6.0,25.0,429.0,448.0,4487.0,7261.0,8921.0,243833.0,4029329.0,20.0,76.0,142.0,1937.0,9105.0,18374.0,39745.0,277402.0
381,5.0,106.0,260.0,615.0,1083.0,7752.0,47127.0,189259.0,3832993.0,31.0,288.0,1434.0,5647.0,10123.0,51293.0,64636.0,579651.0
382,18.0,70.0,201.0,579.0,1933.0,19253.0,52034.0,109109.0,3311382.0,12.0,42.0,1539.0,564.0,12181.0,56965.0,243927.0,604013.0
383,8.0,70.0,262.0,371.0,7663.0,6182.0,125321.0,370439.0,829526.0,44.0,62.0,1887.0,4103.0,7616.0,34180.0,150831.0,619938.0
384,39.0,77.0,429.0,274.0,1868.0,23377.0,47203.0,281048.0,1331875.0,14.0,26.0,230.0,4022.0,17592.0,26234.0,100659.0,264763.0
385,8.0,11.0,532.0,1947.0,7362.0,9361.0,147160.0,191062.0,1303909.0,56.0,262.0,1121.0,4189.0,3803.0,75158.0,167313.0,745187.0
386,9.0,15.0,311.0,1065.0,760.0,8934.0,92702.0,434233.0,931403.0,34.0,94.0,3198.0,4528.0,8638.0,69057.0,122207.0,452436.0
387,5.0,22.0,239.0,1506.0,4928.0,9104.0,94559.0,143125.0,1405420.0,17.0,70.0,402.0,1089.0,15572.0,36466.0,88808.0,746604.0
388,15.0,47.0,213.0,280.0,7656.0,24193.0,90320.0,147780.0,1520470.0,14.0,278.0,143.0,1861.0,15721.0,5983.0,177565.0,365977.0
389,5.0,94.0,642.0,625.0,7002.0,18913.0,54145.0,401030.0,516525.0,28.0,80.0,168.0,4721.0,3050.0,108597.0,24421.0,606930.0
390,33.0,32.0,177.0,1857.0,2645.0,26393.0,20232.0,378393.0,1133308.0,48.0,120.0,316.0,3876.0,4092.0,64968.0,278614.0,251665.0
391,12.0,99.0,408.0,589.0,11004.0,7325.0,51195.0,234188.0,726095.0,40.0,282.0,812.0,2366.0,6487.0,78609.0,124787.0,246797.0
392,13.0,83.0,367.0,881.0,3471.0,11532.0,124680.0,145711.0,2410287.0,10.0,283.0,450.0,1636.0,8508.0,13250.0,130289.0,1875731.0
393,10.0,33.0,379.0,2965.0,5409.0,32804.0,27922.0,697468.0,257314.0,12.0,114.0,90.0,484.0,8278.0,9349.0,128076.0,403393.0
394,7.0,42.0,72.0,793.0,2967.0,9225.0,40055.0,389148.0,4937419.0,16.0,134.0,247.0,1446.0,6538.0,16169.0,82218.0,352692.0
395,7.0,32.0,83.0,1150.0,9899.0,21755.0,42509.0,263714.0,529318.0,45.0,77.0,198.0,3685.0,6035.0,55685.0,324904.0,511096.0
396,23.0,43.0,224.0,2326.0,8076.0,25960.0,18096.0,380500.0,606735.0,18.0,92.0,499.0,2480.0,7190.0,39530.0,141274.0,890245.0
397,9.0,95.0,132.0,601.0,5783.0,24744.0,68423.0,220468.0,1332490.0,16.0,108.0,630.0,734.0,3262.0,19649.0,115774.0,147802.0
398,6.0,24.0,640.0,856.0,5666.0,16417.0,91058.0,864827.0,1639251.0,7.0,156.0,732.0,1188.0,3771.0,31658.0,248693.0,179359.0
399,12.0,152.0,142.0,429.0,3962.0,16050.0,34377.0,254458.0,856430.0,28.0,116.0,825.0,689.0,5196.0,97326.0,168113.0,216240.0
400,6.0,65.0,769.0,1547.0,10442.0,63296.0,21724.0,275805.0,388971.0,70.0,42.0,2189.0,3198.0,11517.0,79004.0,56292.0,1550054.0
401,8.0,26.0,197.0,1603.0,7594.0,22651.0,162370.0,205325.0,1137696.0,23.0,212.0,481.0,970.0,5985.0,20544.0,303878.0,716186.0
402,30.0,43.0,171.0,859.0,7154.0,27719.0,61205.0,71327.0,1029618.0,23.0,275.0,217.0,4592.0,3897.0,51816.0,114521.0,692101.0
403,18.0,63.0,40.0,522.0,5006.0,16085.0,28219.0,556431.0,465679.0,34.0,60.0,145.0,1438.0,29105.0,18509.0,122085.0,1076668.0
404,8.0,168.0,382.0,772.0,6655.0,6647.0,73144.0,171867.0,414491.0,57.0,42.0,176.0,787.0,5231.0,15200.0,57988.0,224705.0
405,21.0,52.0,532.0,151.0,2754.0,18026.0,87947.0,168042.0,2177423.0,43.0,118.0,187.0,1243.0,5748.0,53633.0,201584.0,894977.0
406,22.0,28.0,410.0,627.0,7796.0,6216.0,82170.0,283995.0,1780977.0,34.0,47.0,832.0,10230.0,26337.0,74709.0,206736.0,248359.0
407,9.0,35.0,209.0,2372.0,2673.0,22771.0,83413.0,117871.0,1499355.0,15.0,195.0,504.0,3797.0,5202.0,19652.0,671408.0,1023471.0
408,22.0,130.0,288.0,2330.0,1341.0,12578.0,41016.0,380808.0,741364.0,20.0,59.0,413.0,1844.0,4035.0,38079.0,93759.0,387657.0
409,9.0,17.0,151.0,476.0,1064.0,14759.0,124884.0,267624.0,2809214.0,14.0,240.0,1432.0,1947.0,2821.0,26552.0,48149.0,366913.0
410,17.0,68.0,733.0,929.0,7698.0,40181.0,22305.0,168155.0,1204274.0,63.0,63.0,213.0,953.0,7643.0,52990.0,374768.0,224697.0
411,5.0,70.0,171.0,848.0,908.0,14630.0,38946.0,186049.0,232351.0,48.0,247.0,147.0,3860.0,9087.0,67589.0,69515.0,974172.0
412,10.0,20.0,348.0,425.0,3737.0,16375.0,107991.0,268058.0,502356.0,40.0,481.0,434.0,1358.0,9731.0,37884.0,242748.0,738037.0
413,20.0,53.0,285.0,732.0,1947.0,20641.0,100606.0,499792.0,3719746.0,15.0,270.0,1200.0,1759.0,5693.0,62928.0,290193.0,1274629.0
414,6.0,26.0,116.0,653.0,4493.0,17835.0,143095.0,320490.0,742060.0,16.0,175.0,2083.0,760.0,16637.0,68310.0,102779.0,745443.0
415,4.0,25.0,216.0,1769.0,2659.0,15460.0,137562.0,659896.0,913153.0,40.0,230.0,444.0,1869.0,9810.0,39351.0,70735.0,462045.0
416,13.0,45.0,137.0,631.0,10255.0,13527.0,47460.0,679785.0,2163769.0,12.0,229.0,73.0,1060.0,10503.0,37808.0,206622.0,697312.0
417,9.0,71.0,565.0,1078.0,2335.0,44309.0,81412.0,242093.0,1479950.0,31.0,56.0,313.0,1261.0,8394.0,10057.0,127152.0,567484.0
418,14.0,62.0,161.0,1892.0,2855.0,6283.0,26102.0,87654.0,2434983.0,81.0,228.0,290.0,1797.0,5360.0,29083.0,175948.0,429593.0
419,4.0,22.0,501.0,1783.0,2365.0,23374.0,115352.0,224396.0,1875768.0,37.0,197.0,245.0,3080.0,3863.0,24085.0,35150.0,1137705.0
420,17.0,27.0,261.0,1999.0,3390.0,15838.0,70745.0,349729.0,849207.0,43.0,92.0,481.0,3751.0,16163.0,35578.0,91897.0,1924334.0
421,23.0,38.0,137.0,1610.0,6373.0,24116.0,28508.0,212386.0,2314137.0,15.0,137.0,635.0,2700.0,3254.0,58937.0,115874.0,341644.0
422,4.0,37.0,117.0,1176.0,5434.0,13001.0,46407.0,133500.0,273764.0,34.0,95.0,439.0,1084.0,6222.0,33473.0,50339.0,226091.0
423,16.0,25.0,254.0,2835.0,8024.0,8112.0,32117.0,668818.0,2072948.0,20.0,57.0,501.0,2451.0,8915.0,78532.0,149168.0,736662.0
424,10.0,27.0,169.0,543.0,8387.0,11823.0,82930.0,187323.0,796247.0,25.0,89.0,324.0,1152.0,6235.0,30351.0,133091.0,1493365.0
425,19.0,202.0,815.0,1177.0,2632.0,23584.0,53248.0,306798.0,626380.0,16.0,81.0,758.0,1550.0,11065.0,23807.0,68888.0,985256.0
426,28.0,100.0,137.0,1500.0,1464.0,22713.0,194912.0,85832.0,692035.0,13.0,46.0,142.0,1673.0,6439.0,8698.0,204281.0,653468.0
427,13.0,80.0,103.0,2836.0,15319.0,7948.0,45973.0,241298.0,2287500.0,11.0,84.0,1746.0,1224.0,22522.0,43927.0,54370.0,483951.0
428,11.0,64.0,182.0,1985.0,3478.0,11224.0,43321.0,84745.0,1466451.0,19.0,193.0,325.0,1072.0,2906.0,59737.0,101346.0,413815.0
429,25.0,51.0,212.0,1003.0,2845.0,38363.0,65202.0,293519.0,1138645.0,18.0,50.0,685.0,1257.0,2526.0,114397.0,102641.0,551329.0
430,12.0,36.0,293.0,1172.0,5143.0,17332.0,49702.0,114188.0,424709.0,82.0,102.0,492.0,4968.0,26211.0,13665.0,103414.0,300698.0
431,10.0,46.0,136.0,1934.0,6174.0,10793.0,260049.0,230031.0,788295.0,11.0,336.0,290.0,2207.0,20687.0,70072.0,447565.0,349404.0
432,6.0,41.0,209.0,1661.0,4401.0,44135.0,87089.0,330151.0,2882192.0,44.0,51.0,296.0,2652.0,12166.0,18393.0,123605.0,394780.0
433,33.0,343.0,407.0,316.0,2410.0,38769.0,58634.0,299725.0,1757815.0,16.0,30.0,314.0,340.0,11449.0,83468.0,100209.0,625756.0
434,7.0,100.0,89.0,1057.0,2205.0,9869.0,82047.0,109068.0,843210.0,39.0,43.0,641.0,3034.0,9578.0,26835.0,92868.0,368131.0
435,34.0,73.0,190.0,2397.0,3500.0,43527.0,42822.0,382431.0,2750292.0,60.0,292.0,443.0,5617.0,10565.0,165720.0,104335.0,492480.0
436,4.0,61.0,622.0,1253.0,13461.0,11786.0,99906.0,209859.0,4031581.0,55.0,69.0,187.0,4428.0,6627.0,13234.0,673037.0,267434.0
437,7.0,53.0,617.0,282.0,4658.0,40911.0,75696.0,131267.0,441652.0,47.0,50.0,240.0,1141.0,3894.0,9707.0,106164.0,223777.0
438,10.0,116.0,46.0,1256.0,5921.0,22697.0,69664.0,429113.0,1621544.0,18.0,139.0,310.0,2960.0,3807.0,16351.0,84510.0,276050.0
439,6.0,100.0,178.0,984.0,3096.0,20014.0,48250.0,1014023.0,246161.0,60.0,34.0,655.0,3650.0,6142.0,43016.0,64549.0,587967.0
440,19.0,37.0,338.0,581.0,5430.0,16555.0,51220.0,310027.0,1121977.0,52.0,71.0,249.0,1101.0,11351.0,33843.0,106796.0,556001.0
441,21.0,39.0,78.0,1509.0,3683.0,16587.0,134593.0,440402.0,1442807.0,18.0,145.0,1637.0,5825.0,4972.0,16552.0,39037.0,558576.0
442,6.0,40.0,176.0,310.0,2714.0,9967.0,14951.0,190854.0,696528.0,20.0,165.0,1149.0,2430.0,24268.0,59621.0,60825.0,1378114.0
443,14.0,171.0,346.0,1748.0,7186.0,12058.0,152890.0,120721.0,842547.0,52.0,373.0,647.0,746.0,3411.0,12197.0,77788.0,1206935.0
444,6.0,66.0,135.0,2118.0,9789.0,26176.0,64362.0,164954.0,1505837.0,25.0,180.0,146.0,1130.0,2712.0,62234.0,159712.0,1375730.0
445,22.0,17.0,353.0,332.0,7485.0,7240.0,41470.0,176552.0,351533.0,44.0,89.0,327.0,2215.0,4934.0,23927.0,56344.0,480699.0
446,15.0,86.0,191.0,714.0,7570.0,6335.0,32666.0,142916.0,834465.0,11.0,94.0,528.0,1771.0,27179.0,29789.0,244619.0,347319.0
447,37.0,51.0,94.0,4111.0,8544.0,3933.0,42171.0,683000.0,310923.0,31.0,124.0,792.0,413.0,23452.0,15445.0,199975.0,1077805.0
448,17.0,76.0,367.0,815.0,3163.0,11543.0,76261.0,539121.0,1892039.0,58.0,59.0,400.0,2250.0,7289.0,18031.0,25980.0,629303.0
449,13.0,83.0,132.0,403.0,4370.0,38418.0,58926.0,444891.0,1134346.0,19.0,82.0,1240.0,2662.0,3276.0,46147.0,154385.0,1844609.0
450,11.0,22.0,221.0,389.0,2994.0,16828.0,22133.0,182866.0,1433681.0,27.0,103.0,567.0,1374.0,18157.0,28058.0,123899.0,327122.0
451,5.0,47.0,111.0,816.0,25615.0,12374.0,82819.0,177567.0,1109253.0,16.0,38.0,703.0,2279.0,8462.0,28359.0,85027.0,478401.0
452,11.0,30.0,792.0,1336.0,2145.0,52396.0,29939.0,306816.0,776472.0,12.0,64.0,617.0,773.0,17816.0,11817.0,116868.0,203214.0
453,14.0,92.0,100.0,427.0,1875.0,23440.0,76065.0,78619.0,591084.0,42.0,85.0,775.0,2198.0,7722.0,104988.0,230938.0,313374.0
454,11.0,32.0,365.0,1730.0,6707.0,16155.0,44913.0,420949.0,1157398.0,20.0,191.0,170.0,501.0,15454.0,41279.0,60480.0,1058849.0
455,9.0,18.0,324.0,804.0,3225.0,36698.0,133889.0,167710.0,1604338.0,15.0,106.0,642.0,4547.0,7281.0,24457.0,300580.0,145551.0
456,11.0,80.0,88.0,1690.0,15916.0,29699.0,7548.0,406029.0,1000234.0,58.0,77.0,489.0,1044.0,18908.0,34543.0,167164.0,745949.0
457,16.0,36.0,202.0,2150.0,4992.0,18859.0,15251.0,146549.0,1043324.0,24.0,210.0,2052.0,430.0,2971.0,22154.0,244284.0,950198.0
458,7.0,249.0,160.0,1991.0,3177.0,17969.0,111646.0,320091.0,437952.0,14.0,91.0,292.0,800.0,12036.0,13993.0,103951.0,121479.0
459,9.0,21.0,233.0,333.0,3452.0,51045.0,84425.0,155406.0,357468.0,10.0,42.0,960.0,2467.0,24638.0,43410.0,290483.0,406493.0
460,32.0,51.0,87.0,1444.0,6188.0,14645.0,57299.0,654809.0,483630.0,19.0,203.0,882.0,917.0,7564.0,9548.0,92953.0,247574.0
461,19.0,89.0,103.0,1799.0,10852.0,11759.0,37538.0,139290.0,1832981.0,51.0,176.0,1423.0,1167.0,5904.0,67583.0,134031.0,170518.0
462,5.0,69.0,235.0,740.0,1319.0,28456.0,27564.0,383484.0,483038.0,65.0,94.0,884.0,1746.0,27160.0,19073.0,145220.0,830532.0
463,15.0,33.0,83.0,916.0,1820.0,10614.0,121355.0,54753.0,409907.0,28.0,128.0,526.0,1164.0,4803.0,50464.0,57509.0,1119617.0
464,11.0,75.0,206.0,416.0,3870.0,50500.0,115317.0,129747.0,1636108.0,43.0,44.0,534.0,709.0,9290.0,16932.0,51958.0,661083.0
465,34.0,165.0,75.0,278.0,7182.0,8664.0,181103.0,84695.0,2713735.0,42.0,296.0,310.0,1911.0,18905.0,56736.0,59050.0,429693.0
466,5.0,143.0,411.0,1316.0,4512.0,25535.0,207825.0,254023.0,1563663.0,24.0,288.0,764.0,1823.0,5692.0,36635.0,36876.0,688058.0
467,29.0,66.0,191.0,778.0,3333.0,15843.0,161391.0,348240.0,1062720.0,17.0,141.0,540.0,1515.0,4471.0,14625.0,111389.0,1530908.0
468,15.0,56.0,453.0,262.0,4889.0,27660.0,31808.0,183879.0,529134.0,25.0,98.0,457.0,1857.0,3352.0,37388.0,53286.0,580120.0
469,14.0,86.0,1284.0,382.0,1629.0,11881.0,88951.0,98445.0,1458918.0,15.0,65.0,411.0,3887.0,5877.0,58789.0,87904.0,1724858.0
470,11.0,105.0,507.0,1447.0,8680.0,16944.0,85929.0,505248.0,2027911.0,130.0,49.0,299.0,3809.0,7624.0,39894.0,68002.0,259777.0
471,7.0,118.0,131.0,1285.0,10260.0,36651.0,39611.0,184462.0,893507.0,19.0,215.0,341.0,2055.0,7294.0,23862.0,214360.0,678172.0
472,34.0,46.0,348.0,1489.0,2863.0,60396.0,50338.0,395230.0,1088592.0,21.0,46.0,360.0,1082.0,3926.0,21435.0,147559.0,455169.0
473,25.0,34.0,229.0,529.0,2047.0,51773.0,60678.0,1070843.0,293037.0,20.0,111.0,384.0,1415.0,8326.0,117556.0,427582.0,976821.0
474,19.0,57.0,218.0,551.0,10484.0,25521.0,40399.0,652777.0,2001837.0,19.0,344.0,143.0,2695.0,15177.0,78462.0,112469.0,2324799.0
475,11.0,40.0,211.0,1114.0,2244.0,39350.0,61164.0,449877.0,484345.0,11.0,121.0,545.0,3299.0,7595.0,25746.0,93379.0,337467.0
476,30.0,51.0,227.0,1964.0,3114.0,3835.0,55476.0,209546.0,213104.0,9.0,93.0,356.0,3380.0,2172.0,33336.0,219006.0,335915.0
477,8.0,41.0,205.0,1106.0,10309.0,10238.0,191547.0,626867.0,601985.0,20.0,60.0,822.0,1147.0,2629.0,16865.0,117942.0,195997.0
478,23.0,17.0,608.0,888.0,976.0,21235.0,32788.0,121170.0,1496937.0,13.0,67.0,478.0,1007.0,17816.0,38031.0,267333.0,355598.0
479,7.0,64.0,173.0,2739.0,1977.0,20324.0,187849.0,109285.0,1128637.0,26.0,86.0,682.0,7071.0,3230.0,30991.0,362107.0,808248.0
480,23.0,16.0,166.0,1806.0,10643.0,20971.0,64342.0,82225.0,1098120.0,15.0,402.0,211.0,4187.0,4921.0,11557.0,199892.0,763158.0
481,4.0,93.0,535.0,485.0,2375.0,31808.0,93214.0,111733.0,1214203.0,49.0,94.0,275.0,5941.0,8626.0,30290.0,413793.0,525879.0
482,14.0,52.0,118.0,1030.0,7274.0,26027.0,12448.0,153285.0,1588877.0,33.0,113.0,436.0,1426.0,28444.0,122381.0,145944.0,174728.0
483,5.0,52.0,176.0,1052.0,3857.0,58244.0,29208.0,206276.0,2433365.0,75.0,74.0,244.0,984.0,16968.0,14403.0,43578.0,517588.0
484,18.0,57.0,714.0,989.0,5392.0,12177.0,24715.0,140066.0,1678620.0,75.0,54.0,295.0,3260.0,12254.0,66520.0,67230.0,389692.0
485,5.0,146.0,131.0,813.0,7661.0,26907.0,41531.0,438800.0,828493.0,33.0,76.0,200.0,4603.0,1545.0,71111.0,103547.0,466909.0
486,5.0,95.0,62.0,811.0,8560.0,56942.0,41977.0,162524.0,371620.0,21.0,139.0,682.0,1459.0,4244.0,23213.0,103416.0,1763195.0
487,9.0,16.0,163.0,499.0,12019.0,29150.0,55894.0,477810.0,1406524.0,39.0,302.0,236.0,888.0,9490.0,18906.0,172227.0,349552.0
488,14.0,41.0,58.0,731.0,7239.0,30056.0,76136.0,133066.0,2136591.0,39.0,38.0,107.0,724.0,13677.0,27358.0,37923.0,203807.0
489,4.0,75.0,147.0,2245.0,8747.0,20297.0,27575.0,473851.0,752137.0,30.0,74.0,450.0,1650.0,3249.0,62376.0,156653.0,310655.0
490,7.0,59.0,83.0,323.0,24602.0,5572.0,49912.0,485680.0,3235703.0,13.0,292.0,250.0,2772.0,3500.0,10057.0,197094.0,351959.0
491,21.0,13.0,455.0,291.0,4616.0,5861.0,182378.0,1055768.0,973878.0,13.0,220.0,600.0,1009.0,7942.0,14489.0,276513.0,280388.0
492,12.0,13.0,389.0,2081.0,11016.0,33936.0,44564.0,543765.0,670945.0,12.0,47.0,351.0,3694.0,10700.0,24410.0,291188.0,1307032.0
493,17.0,45.0,104.0,1507.0,4880.0,12492.0,184717.0,236492.0,524824.0,19.0,195.0,643.0,2006.0,4939.0,49323.0,74587.0,973881.0
494,4.0,134.0,220.0,711.0,3317.0,44752.0,108457.0,135860.0,859316.0,15.0,71.0,203.0,5108.0,8796.0,21248.0,194260.0,114200.0
495,6.0,48.0,320.0,2746.0,1665.0,9907.0,18164.0,643746.0,1640298.0,20.0,197.0,289.0,1431.0,29260.0,80482.0,70750.0,655901.0
496,31.0,32.0,113.0,598.0,3921.0,39662.0,251918.0,68783.0,258707.0,16.0,145.0,530.0,1776.0,5904.0,37343.0,139001.0,396657.0
497,26.0,19.0,154.0,299.0,3398.0,37509.0,115253.0,174906.0,1006301.0,9.0,47.0,511.0,736.0,2395.0,12027.0,139915.0,949296.0
498,4.0,196.0,134.0,1145.0,2744.0,10338.0,71122.0,1285073.0,1535242.0,17.0,161.0,353.0,8304.0,6448.0,7320.0,121859.0,473432.0
499,6.0,24.0,997.0,2264.0,4069.0,2989.0,98130.0,610573.0,1387469.0,33.0,311.0,511.0,1175.0,13965.0,44054.0,191160.0,331680.0
